y_true,rf
1,0.6343937839394795
0,0.2595688276946689
1,0.5095239794127941
0,0.6336939665006898
1,0.6148416269450341
1,0.5670221993852749
0,0.05772435502915097
1,0.2771473343174092
0,0.34050039226699985
1,0.7011657835351396
0,0.4743650482789495
1,0.39819308854931956
1,0.5968812782091818
0,0.46499843278644526
0,0.30977630844491066
0,0.6381297084265024
0,0.027213221086709934
0,0.15031107321732606
1,0.7230179688103542
1,0.6021690432657529
0,0.02824632049990655
1,0.697994000543628
1,0.617305703010034
1,0.17987327555637503
1,0.4572732688659454
0,0.10984013723532925
1,0.5500719654150149
0,0.026721443828041966
0,0.29179847332031683
0,0.05527982371302988
0,0.02463835679524132
0,0.48101852042832627
0,0.30284780040582
0,0.029727981875775446
1,0.49491152395981586
0,0.03044550855861987
1,0.6889468114763344
1,0.5510744100775049
1,0.455496591845422
0,0.21749566385963137
0,0.028190367536792042
1,0.7180037930627473
0,0.027616764297539544
0,0.03781286145508504
1,0.4326702492719496
0,0.029938449520899
0,0.0377449071245167
0,0.6268476896496841
0,0.026072042342557934
1,0.5528989901761665
1,0.05308319727622384
0,0.5021545192644254
1,0.6629031935690894
0,0.6292151925636246
0,0.31896343150149725
1,0.6986139807845242
1,0.4865963225612441
1,0.4450361239179515
1,0.7224271647664469
0,0.02620846324084436
1,0.6160278465300326
0,0.3170675140957268
1,0.6267069707590004
1,0.2987905265216446
1,0.45294387627788
1,0.6400636403423087
0,0.02930348054360632
1,0.5936028172367431
0,0.466628062284511
1,0.2836220357360252
1,0.053237912543946546
0,0.4523193440609055
1,0.5419563500991265
1,0.37188297303973844
0,0.029119265357772504
0,0.027800246095081145
1,0.6737209065154817
0,0.024439965680693145
0,0.7293491671506004
1,0.6524973298046924
0,0.3789167460353859
0,0.030693707967026047
1,0.6448223446506404
1,0.3286766306610644
1,0.585758914755763
1,0.5463613987725118
1,0.5267206778241504
0,0.6946587854868292
0,0.0311898681601814
1,0.38568075137671914
1,0.7120344128646044
1,0.6196802993271069
0,0.024695216478814015
0,0.6176431294323429
1,0.46012642898565737
1,0.6451342686392881
0,0.6260649322338415
1,0.3624245794384554
1,0.4984675995232017
1,0.3602260577233059
0,0.042604956694987546
0,0.02491264983702305
0,0.02724766760027487
1,0.6143074098461988
0,0.02489360759336219
0,0.04312847163197344
0,0.06297601201336163
0,0.30350596240179345
0,0.13191623777342887
0,0.468153518078889
0,0.2952993753614558
1,0.6505653336609402
1,0.33713144333184003
1,0.6220329241531285
0,0.026655192954532
0,0.027447744347860435
1,0.2623001261153357
0,0.0528334858471309
0,0.23019961895226226
1,0.29860888098321875
1,0.6375108621027507
1,0.5868603154643053
1,0.5458993131904933
0,0.02989036605866733
0,0.032847824763196816
1,0.6358712988752052
0,0.44208052201886505
0,0.06917093359033866
1,0.6858033860894224
0,0.478211933089621
1,0.49689536435044696
1,0.7160438054314634
0,0.0298843174810845
0,0.028757600675988145
0,0.0568369487079334
1,0.29991384355285233
1,0.38779701360907143
1,0.5741940282089261
1,0.33842543975982065
1,0.6665192579989918
1,0.051740721530120354
0,0.5325181122029155
1,0.3012358842892441
0,0.030237438033744908
1,0.6690966743844325
0,0.07191824928682934
0,0.41495616103311067
1,0.581227462112273
0,0.03410881360396313
0,0.3073994861718473
1,0.7073539973503641
0,0.602795499665985
0,0.07594730149468092
1,0.7538726774538312
0,0.5181634408296205
0,0.6275459802538811
0,0.027865250095448844
1,0.7223065574818998
0,0.02762918899362307
1,0.44221922294516813
0,0.0737993644203906
0,0.026729343387998202
0,0.48430607123133385
1,0.6041947873922497
1,0.613465918535021
1,0.5903687183598949
1,0.44385503040716134
1,0.608562567282371
0,0.02780797516236071
1,0.7101599908070427
1,0.6303771798338373
0,0.2929165957067887
1,0.6856130186220252
1,0.5837380398420999
0,0.3950030004960577
1,0.6212663003166884
0,0.04406342675627941
1,0.5558043140800306
0,0.05150461640900501
1,0.5278033844001132
1,0.7144135672519433
0,0.6341975518037789
1,0.5508692084746741
1,0.41866438362114633
0,0.3947367164305608
0,0.031676257053405744
1,0.7198123009261121
1,0.7266057795697399
1,0.5994068609834853
1,0.6994105846996702
0,0.25781660205287676
0,0.1503744031155869
1,0.5862782648551191
0,0.03660445617667883
0,0.5494673133715712
0,0.47722998702485914
1,0.5549930419515049
0,0.07908126836071984
0,0.08579780288408506
1,0.46342532940011333
1,0.7140060661175512
0,0.513174979015871
0,0.4623566634880344
0,0.37929356363675865
0,0.13671987817663395
0,0.19987826107063042
1,0.5070075842249927
1,0.3568749241079048
1,0.7406411024038217
0,0.38768868294200753
1,0.5958035462526367
0,0.027252212326968672
0,0.0291555780800399
0,0.3904539811429303
0,0.02739677974112927
1,0.7444263542517673
1,0.7627580148878846
0,0.02737945598375975
0,0.29631735312251994
1,0.6245478834794745
0,0.4678225536389982
0,0.5632009949148268
0,0.03895633855076787
1,0.3355784231197928
1,0.6428101364695289
1,0.5992075781294068
0,0.0779521633507869
0,0.025632064688573146
1,0.6355147414870664
0,0.027033714115138302
1,0.42430222305355997
0,0.43917474915424604
1,0.5354334118645847
1,0.4686783628407555
1,0.5873794105825837
0,0.031255800153777644
1,0.542085406907247
0,0.6027023886373382
1,0.6343315362859638
0,0.02528631577809483
0,0.46371297470212414
1,0.1136323318855943
0,0.05953765385180054
0,0.028555632799540532
1,0.6506104069905794
0,0.1615177585315003
0,0.03219769004304328
1,0.5457720149040212
0,0.032919349189159945
1,0.6525066278050262
1,0.5942285343688034
0,0.6201770752392587
1,0.589895511956236
0,0.4138711981367192
1,0.625331958516565
1,0.6164150100494228
0,0.34106197862041704
0,0.03582759608729709
1,0.6063957767394333
1,0.6322287705757751
0,0.2586528193614975
1,0.5679964000195895
0,0.5797412881479818
1,0.5493689650369623
1,0.7029984138840629
1,0.41188282664750736
0,0.48868460333653213
0,0.05016402108059511
0,0.5387919309671949
1,0.39428146465715574
1,0.5500016376119418
1,0.6014005867783528
0,0.029197933793267798
1,0.4361746498355723
1,0.3407149421245616
1,0.5774738369251079
0,0.03216453481701437
0,0.5930209718063842
1,0.5486918476031092
0,0.027072967983660007
1,0.5771574616757106
1,0.6856757253916107
0,0.5705332473320016
1,0.4472074869855822
1,0.6439212123739105
0,0.06718586493915088
0,0.025025773596689088
1,0.36195401701011365
0,0.40138364615204086
0,0.04254533942503278
1,0.40723828222453534
1,0.6103523178950654
1,0.3706870787477455
1,0.34427892702212765
0,0.02529509083405804
0,0.0255580270292473
0,0.2908567731897552
1,0.70089438655813
1,0.5183704591637985
0,0.5888819039410746
0,0.027567551938671508
0,0.32357891075894274
1,0.47697617955156457
1,0.6314194321573208
0,0.46282357834069565
1,0.552468004702257
1,0.5301827313000096
1,0.6363504932759547
0,0.12571053518136652
0,0.027362725244857777
1,0.6846931877037042
1,0.5699513868534362
1,0.4315420125188686
0,0.4561930037994173
1,0.6591839388942947
0,0.5356783322376814
1,0.5506988079787671
1,0.6740592220110381
1,0.650013096562237
1,0.639832541335074
0,0.03025843011871212
1,0.572372388306582
0,0.28974269731683766
0,0.5875572952287483
0,0.5222803263576068
0,0.025704908940872913
1,0.6669251444599754
0,0.028222786086446138
1,0.49483516935532323
0,0.0773803133238432
0,0.23277491562367575
0,0.027343027305748634
1,0.7486200609870391
0,0.4330142156454594
0,0.43586707518913603
1,0.7192610338942681
0,0.2953994975763356
0,0.35946206129785885
1,0.45652710554050846
1,0.6272536749312846
1,0.3623095875502395
0,0.4894513697897414
1,0.6359516009217903
0,0.05834314689788228
0,0.03244330385239415
1,0.6605895321853341
0,0.2905399119110211
1,0.4609783282473233
1,0.6156168071872166
0,0.584856703830553
0,0.37862555697251216
0,0.353871534955943
1,0.5956881197655514
1,0.6106672996838856
0,0.6048098078060546
0,0.027248601778550475
1,0.7589272894448674
1,0.2274793167076294
1,0.5641024883574088
1,0.6402586042189963
0,0.32869160469951025
0,0.5234985021059207
0,0.5965438115171435
0,0.4977854713426816
0,0.6208105322820382
0,0.046086034399493186
1,0.3489984728293867
0,0.025409447080566798
1,0.5791750772299125
0,0.02630632347444697
1,0.5628254752038978
1,0.029824211226554983
0,0.2747882584762408
1,0.5747270231739738
1,0.5787325753343427
1,0.6368138433708381
0,0.16735530581323768
1,0.46583943363787095
1,0.6582986295600933
1,0.44933853677753377
1,0.4791261827397826
0,0.02765879008719812
0,0.4562296275426318
1,0.564928020444048
1,0.4641758173102758
0,0.030371917179903056
0,0.5250731824866499
1,0.6359987437317913
0,0.5141521606590372
1,0.7203743185819144
1,0.7170932387519097
1,0.34556341924454703
0,0.07743285557035245
0,0.27059466114716146
0,0.5262588338567801
0,0.030338512706432938
1,0.7344415041889816
1,0.5522228070025734
0,0.026429590220922144
0,0.025851917377756443
0,0.027807098458407547
0,0.4562169658495455
0,0.48255548891814043
0,0.029105920011587204
0,0.26864385221314685
1,0.5793624699520308
1,0.626117410450119
0,0.030683601632390988
1,0.7199148584484997
1,0.4930171129243013
0,0.06939804911352006
0,0.030832032388980943
1,0.4930148700359858
0,0.7079182612075392
0,0.2778787478589956
1,0.6258808378098799
0,0.02653561967003507
0,0.5179689860371167
0,0.024845299325653127
1,0.5292308350743533
0,0.028215077185460756
0,0.19586379343494925
1,0.4805542023779164
0,0.23665927149333452
1,0.5009241759865847
1,0.29725726836328914
1,0.5481681019274717
1,0.627320767958278
1,0.47508237255444685
1,0.33708911464273844
0,0.025301204719329458
1,0.6217768381829948
1,0.673686999069382
0,0.02763243538258677
1,0.6688710594739891
1,0.5519186124226988
1,0.5676951283835157
0,0.5100472866238269
0,0.5896211145397835
1,0.1546434174668373
0,0.6360190296200474
0,0.09364679966451395
1,0.5252161798909212
0,0.028994070405308683
1,0.49580556824949046
0,0.5997263819098533
0,0.625239219924382
1,0.5527159670168352
0,0.027935722135974228
1,0.4803988472264126
0,0.5783218411040578
1,0.5742128916704925
0,0.5111021060891877
1,0.7188615161953339
1,0.5006107695246955
1,0.4944701004456597
0,0.39758726515289255
1,0.5376965572884659
1,0.6610386257888505
0,0.5516341850688289
0,0.6343394687867324
0,0.03149312815217843
0,0.025002662382668673
1,0.6290713061754823
0,0.08631204173559291
0,0.3995394561573448
0,0.0303577831557636
0,0.5040810403585421
0,0.27069847310540823
0,0.02662773149626519
0,0.42910849325434586
0,0.03869545035754895
0,0.4977429240629426
1,0.04124966297457395
1,0.6884500007357175
0,0.3021936569270743
0,0.047816528472216575
0,0.05738363095018023
0,0.6062029062292424
1,0.5567983759067219
1,0.5360098989828306
1,0.7410269492433769
0,0.10674685491005217
0,0.4170964602837423
1,0.4071051469959265
1,0.5223060474656503
0,0.6805563402135454
0,0.03247570301569784
0,0.03173155145822835
0,0.2907967445637513
1,0.6364640024665225
0,0.37539326117028354
1,0.740402796557156
0,0.7460945828282473
0,0.025336925000941427
0,0.0354435241633416
1,0.6286731043819865
0,0.34226882699889427
1,0.06928536566547147
0,0.3251911174437102
1,0.7161390242868729
0,0.4771032931569333
0,0.489902179331814
1,0.6538055497725871
1,0.5115332532583381
1,0.657794620232049
1,0.4108533367481565
0,0.02957350958807225
1,0.3728521869884062
1,0.6236649367026152
0,0.2863804166177407
0,0.6008425169825915
0,0.3284922898175573
1,0.6751881373093467
1,0.5561802356784467
1,0.5442231228798413
0,0.4525150869351776
0,0.02449675897099769
1,0.026433891268442138
1,0.5668991752078238
1,0.7192275743180309
0,0.5885419114354115
1,0.6401455294674495
0,0.5025940944112688
0,0.025229522487790288
0,0.03570278786423108
0,0.5410469069037636
0,0.5713374628495548
0,0.569729822053497
1,0.29642910341563095
1,0.5380357183230468
1,0.6365358378525506
0,0.6593119907421473
0,0.0279696211378909
0,0.0418135326905035
1,0.6837131121928945
1,0.596594496447538
0,0.12290334775883181
0,0.4006187139575289
1,0.5172666418128604
0,0.03995555565192794
1,0.6784169627742289
1,0.4178979111777897
1,0.677748256913691
1,0.4337773078878895
0,0.5565701218778211
0,0.02459754676766332
1,0.3003404115709171
1,0.5695958856747878
1,0.4590551978564038
0,0.028822967950514988
0,0.5728369245054543
0,0.26465258273752335
1,0.6030529401870355
0,0.024945869092364126
1,0.5536225025987244
1,0.5092678890160415
1,0.4161343277858546
0,0.22857444146639846
1,0.19100673033760876
0,0.04776106748001146
1,0.5716384027159797
0,0.18756206548495802
0,0.025387103574760456
0,0.10408450236795798
1,0.6110938832735715
1,0.6626472195951648
0,0.37881996705391674
1,0.580467296167615
0,0.02894947594850655
1,0.5839414554683955
1,0.5766648644292867
1,0.4483172459629969
1,0.6055807001365011
0,0.13369366323890997
1,0.6242380396553865
0,0.40850649153739876
1,0.4117704165364929
1,0.6437473880892125
1,0.6326135530402865
1,0.48939877256559633
1,0.4567522308460951
1,0.6897010466745618
0,0.0386745539065719
0,0.5960047718456634
0,0.05047807977048546
1,0.6263114165675621
1,0.2922958711917305
0,0.02696730179307696
0,0.05908995376404789
1,0.4776102083996411
0,0.06454192105014996
1,0.4795025108109667
1,0.6370808766437562
1,0.5935900339002534
0,0.03145563411921332
1,0.3810784062590173
1,0.593211785305478
0,0.5585861326339701
0,0.4265313471752541
0,0.48859070886251427
0,0.6087786176459941
0,0.028424948641766888
1,0.5363743491769134
1,0.5687555609177305
1,0.6558999637494772
1,0.26612734693173995
1,0.5618980069709069
0,0.058395398991182575
1,0.6525212183533884
1,0.48036809556470317
0,0.5716402592262022
0,0.701345183677127
1,0.47413641037100696
1,0.5478202788894646
1,0.45271447922362823
1,0.6328689594755756
1,0.2740933489854538
0,0.028621924220517885
0,0.1915095653206254
1,0.13994538649669302
1,0.5985428580609459
0,0.027013773041073125
0,0.47258150120901016
1,0.5050466342775544
1,0.511357987194131
1,0.48706782471786964
1,0.5950328326176525
0,0.2938784703799087
1,0.5348692112299143
0,0.18925929883170695
1,0.6078024626145078
0,0.3558813370627657
1,0.30531376330993737
0,0.5883405585470945
0,0.47396262048788695
1,0.6712758165168232
1,0.6791508682772212
0,0.029854232141377623
1,0.39399613605905
1,0.03337381435214776
0,0.3520928092456386
0,0.028979283749213647
1,0.47472468011482677
1,0.6191766024886067
1,0.6745311979988596
0,0.05333420785356133
0,0.15978942773731483
1,0.3908671541900447
1,0.42306270147599767
1,0.7268152049252792
1,0.49294174436274624
1,0.6566064401329313
1,0.6377634614420521
1,0.5531590320460161
0,0.027444437762137147
1,0.4572702022269346
1,0.5967978062538759
0,0.18937845763973601
0,0.0689902696798952
0,0.033819581155979675
0,0.03582907870198917
1,0.6481783008611236
0,0.03164926189841494
1,0.6145181713199362
1,0.5542146788630343
0,0.04117417531910931
1,0.2934016507145141
0,0.4209298516116862
0,0.28561831885595884
0,0.027480293550053405
1,0.6068062661156886
0,0.5744246719240688
0,0.28113029291802283
0,0.395030856379468
0,0.36370990387233637
1,0.5816446091240488
0,0.03689532128785173
0,0.026427377308797732
1,0.6106304995359594
1,0.10181984874507848
1,0.5978729058376431
0,0.2174067988345014
1,0.7207338781293602
1,0.1866463561303723
1,0.4984123793255748
1,0.46779046996288715
1,0.6397497846350045
1,0.5281763966758454
1,0.4961009459099829
0,0.047501017833316894
0,0.10620739839627023
0,0.02660029513403971
1,0.4431018238133456
1,0.6039855118073322
1,0.5490240924323658
0,0.3432572807783349
1,0.2630761139927257
0,0.02994541515923551
0,0.02675371274033386
1,0.666350065653008
1,0.3197395008031704
0,0.4385028885391875
1,0.6290027881147237
0,0.027095040066594703
1,0.3244025308561408
0,0.3547974303877445
0,0.23953214638996248
0,0.4716341846633834
0,0.5480317905486541
0,0.636075702183804
1,0.5413013545658568
0,0.2605881856051925
0,0.5550702399374456
0,0.02449675897099769
0,0.3724674956528627
1,0.5699410589814686
0,0.07056112039260558
0,0.04563318449106585
1,0.6555342367210641
0,0.035142101442887645
1,0.5359626136072481
0,0.549426873677021
1,0.7536769909317477
1,0.5126537525486042
0,0.6941533971868052
0,0.04955937606379675
0,0.13009002651084697
0,0.4818899003142159
0,0.0454338593784794
0,0.031110787102030142
0,0.41761014506627575
0,0.03329873770633537
0,0.5017699719277915
1,0.3791828185946668
0,0.02957654798015307
1,0.4099670763415709
1,0.45269979136867466
0,0.02817887619238487
0,0.164820923584948
0,0.045038282200486286
1,0.7044919050628268
0,0.5927666192049638
0,0.35648075979160493
0,0.4365044201623706
0,0.1340505617596157
0,0.029561822459219254
0,0.19003839142184123
1,0.6443550669916053
1,0.3561168600751027
1,0.5109222881489095
1,0.6864916865244385
1,0.7244579657625636
0,0.49147826536289674
1,0.5068332627678376
0,0.36864976364640095
1,0.5445545264161026
1,0.6531843905411948
0,0.2714803824102461
1,0.6233480722049657
1,0.5095284910667935
0,0.36366888058901775
0,0.05452651685665567
1,0.6091610721243775
1,0.6723935650107628
1,0.29614788523179797
1,0.6498500771874068
1,0.3935672208372836
0,0.5885541718421042
1,0.726868579328803
0,0.10193408987945665
1,0.37013061487040255
1,0.6381324325238571
1,0.2489858393508979
0,0.23881067813331117
0,0.4602905240065079
1,0.5718586508328801
1,0.5651110565346833
0,0.3726164327301879
0,0.5924001572361851
0,0.032820917409107773
0,0.05294522716501382
0,0.14498331905626638
0,0.027050082684085056
0,0.4976841845573303
1,0.4143796111306486
0,0.3943439620399687
0,0.040440115567315485
1,0.41919009225476517
0,0.4528697768598858
1,0.46274762266173186
1,0.6111125134051777
0,0.02741168143097243
1,0.289952877883248
0,0.3759392932489601
0,0.26116024717154546
0,0.6388254722561613
1,0.5688375699171471
1,0.6163218616819977
0,0.6022890622569902
0,0.3996636086742011
1,0.41300607794296645
0,0.40977366445120145
0,0.03283545468823031
1,0.5704947488487437
0,0.025774074369460328
0,0.025899869145211144
1,0.46614638751093435
0,0.266956580854604
0,0.024881453582042985
1,0.4840488169748332
0,0.5648961060530165
1,0.6763532347168841
0,0.031050949942141956
1,0.6236535902508118
1,0.7089890063315573
1,0.4852207714086836
1,0.60490843684677
1,0.541752281529374
1,0.5453323825203636
1,0.24122480175730243
0,0.10721456453842956
1,0.23644973112774484
0,0.6604277870881893
0,0.02776668354977943
0,0.057810048931043745
1,0.6078780287797556
1,0.6999593902258571
0,0.06744482225582565
0,0.1019625044067967
1,0.478288805571033
0,0.4004122025577661
0,0.12850742649431346
0,0.02784833202464874
0,0.033682236187566654
0,0.31934533243267577
0,0.2827268406993599
1,0.633911775979171
0,0.029529394621740538
1,0.5160096221910764
0,0.30623931067960886
0,0.027087027532370373
1,0.45535774517536837
0,0.6700840630543271
0,0.1200395954041709
0,0.03692990797891131
0,0.3057080791286013
1,0.6100996988325011
1,0.6243962110425322
0,0.02878705335771844
1,0.32031104625597745
0,0.047758453101651784
0,0.027240675806303228
0,0.45251610048844976
0,0.026846645493366197
1,0.639580195187359
1,0.6242468990679005
0,0.4337092770511819
0,0.07793908779789863
1,0.5424250606981504
0,0.5676060800643946
0,0.04379406298115862
0,0.5799630461906454
1,0.4829924220545656
1,0.6117334483431087
0,0.27298573111547425
0,0.3439155734247884
1,0.664228524129624
0,0.03037475934821556
1,0.4760732824351655
0,0.4725636297854763
1,0.5502247196743116
1,0.03345479654147087
1,0.5832253209311289
0,0.5497638515120794
0,0.5222089912117038
0,0.3559639185430512
0,0.2860389436155859
0,0.34899301155636797
1,0.16052712784842285
1,0.7237738793544047
1,0.4490587882859632
1,0.7642879632955819
1,0.6354687073906586
0,0.5402430439672911
1,0.6322651021747856
0,0.5190280678289034
1,0.08243820644159584
0,0.030036850770295987
0,0.28929703689254527
1,0.7070412065495602
1,0.6304083566995149
0,0.027796474372474612
0,0.025549493723710077
0,0.6714629403179859
1,0.5847317306624231
0,0.6056039662049046
1,0.6046455102367463
0,0.49980802393536544
0,0.03594734892958536
0,0.07375499379026589
1,0.6041659810637809
1,0.6367266541569883
0,0.26990323687176637
0,0.02686003778706721
1,0.44292381593754104
1,0.3811326280797854
0,0.03278911389441251
1,0.38365799571355386
1,0.5805466137210578
1,0.499931913896284
1,0.6054541613326735
1,0.04223138617060659
1,0.6357383755922131
0,0.3195510984060867
0,0.030738001526298558
0,0.0275210947561105
1,0.7531507410334594
1,0.633755446398806
1,0.5648177943756647
1,0.5913189252143377
1,0.7542317690558878
0,0.34090452888851513
0,0.02825294662497921
0,0.2827543566927649
1,0.3288414752210231
0,0.47001254083335303
0,0.4260582629068576
0,0.054870636974762535
1,0.5330080675591792
1,0.4166614866733081
1,0.45630419035827513
1,0.5872616825272013
1,0.6045566358235285
0,0.3715771588316359
0,0.5123599698815199
0,0.5481630158983719
1,0.6092573405982968
0,0.02703936270914907
1,0.3787303505996706
1,0.5897784475186484
1,0.6389149265701661
0,0.36262910388380243
1,0.6082137868497709
1,0.604505596994344
1,0.03157230658615673
1,0.6024783898276326
1,0.5943766075281739
0,0.43460532179519584
1,0.027089533165524225
1,0.5813686471736583
0,0.5359184660538393
1,0.446553285067162
0,0.03485691851042401
1,0.61740290568373
1,0.34539092974779934
1,0.5415444907726618
0,0.04050832105192685
0,0.17019770036073886
1,0.63860224030848
0,0.4780223309224191
0,0.02790052294634125
1,0.5675907499323526
0,0.6327135094635835
1,0.652983200762173
1,0.45113511260914724
0,0.6377972563110343
0,0.47989800868360133
0,0.02591031804640011
0,0.6136600146256289
0,0.49007858332208687
1,0.5259494389001051
0,0.029597307335748793
0,0.4527938449196916
1,0.46070377654279193
0,0.27849520020437407
0,0.6075744147453713
1,0.6438191563705795
1,0.31228242461946953
1,0.2937641468694621
0,0.21345128872927593
0,0.42658796785866565
1,0.6094873888088853
0,0.6302731800206154
0,0.0447560708303289
0,0.02827662119672211
0,0.44244275939984246
1,0.3748519894730418
1,0.4186295954275881
0,0.027000312307067852
0,0.0655205354371201
1,0.5375465623541604
0,0.05138321729518818
1,0.48495322935999746
1,0.3721874725079089
0,0.09129467443815918
1,0.5993940624507629
0,0.5564309280030635
1,0.43823383910918606
0,0.026202732382672365
0,0.03166954224135481
0,0.10266542729271334
0,0.0629294032594262
0,0.6633015263282039
0,0.02698174109245404
0,0.20012455397431944
1,0.40989654888022403
1,0.5067545498909511
1,0.49487668615128544
0,0.044892907445892936
0,0.0683484426216316
1,0.3684962770419875
1,0.32656476083504915
0,0.35567198766471686
0,0.02939160737549345
0,0.02663112213869405
0,0.03931523352555531
1,0.609620338324748
0,0.06965739137412755
0,0.3843139494923259
0,0.025401082516830147
0,0.5480442940585544
0,0.040534256358924645
0,0.625318829049034
1,0.6267805476777161
1,0.35709140861105965
1,0.6341345802036688
0,0.030737649908468542
1,0.5914352097671465
1,0.637935484924116
1,0.4656312501908883
0,0.0823558660749186
1,0.5564439972487781
0,0.47174032889714507
0,0.03722391726645427
1,0.5089815050213938
0,0.028481481107263586
0,0.03176759002124603
1,0.7452637527757002
0,0.5580226782705943
1,0.4665013802550782
1,0.47980034535614524
0,0.37873700392902665
1,0.6563488683175326
1,0.29296281136622443
1,0.6957553613130196
0,0.5123132317878839
0,0.7087237205313334
0,0.026416421180600433
0,0.35466409300776497
0,0.43313874410392156
1,0.4887483528783514
0,0.3504318700211572
1,0.5188533890825481
1,0.662721578929552
1,0.4767127745796702
1,0.6054682334623238
1,0.04944494516643541
1,0.33715000824055263
0,0.5762977431024302
1,0.23255956293570057
1,0.5418004021329536
1,0.30421970940873583
1,0.632123685432269
1,0.4548078654913947
1,0.5159903155183956
1,0.35951626520468805
0,0.052079871746900736
0,0.06704935301266705
0,0.02867370363572396
0,0.028194349288559982
1,0.6730442949844665
0,0.3555135031570676
1,0.5781290900274723
0,0.06323219936063375
0,0.03699527589900961
0,0.34084695973451595
0,0.503898571295781
0,0.0499737576077284
0,0.028943895142768225
0,0.033767195439463264
1,0.5188170330615475
0,0.44007496838076265
0,0.028128940788689986
1,0.34504255721669486
0,0.025231242388703203
0,0.5644160407118247
1,0.0733398988145287
0,0.0745442144300067
0,0.03701565833782431
1,0.45547641886274404
1,0.6304673421193809
0,0.3074530146257734
1,0.7384626945474352
1,0.5747089960600231
1,0.37682279575661376
0,0.5359161382556572
0,0.15565805291916154
0,0.4809653307176734
1,0.4406539946630749
0,0.07608807910615789
1,0.1232356835902326
0,0.12149660712616232
1,0.47571978738755843
1,0.48625942500401836
1,0.5576952120997573
0,0.20092039713068352
1,0.5669231376285105
0,0.04625786023099577
0,0.04722192804802387
0,0.18013494193363297
1,0.6239257700689088
0,0.054564289966467644
1,0.2858258534630749
1,0.6692998607509827
0,0.05180165824686345
1,0.5629244181967528
0,0.03505271574191332
0,0.04924764823420597
0,0.5792084028022443
0,0.02831324809764376
0,0.030611665365354503
0,0.02770941025459709
0,0.02449675897099769
1,0.7163500103235068
1,0.6590328176110472
0,0.5920954427206992
0,0.3796686763984857
0,0.028325033678118276
0,0.03621510368662894
0,0.026743140090247215
0,0.39567068882323564
1,0.6237593514747777
1,0.31045833750925117
0,0.02449675897099769
1,0.688591772701926
0,0.45962796206782736
0,0.5957270418159839
0,0.39357158395811287
0,0.3030855682561987
1,0.32759291917670685
0,0.39534890373682813
1,0.6457458391302796
0,0.5404142707633663
1,0.5572866339354947
0,0.20122232416617972
1,0.6414029854638673
0,0.34962098880115017
0,0.4949385491249849
0,0.02692384216938196
1,0.5087963644878162
1,0.6141154584975139
0,0.4481677431653265
1,0.2901979665959706
1,0.4002348476436032
1,0.5525644332498378
0,0.029367412899561268
0,0.33406802535531327
0,0.26308653770738427
0,0.33200711136719036
1,0.5372624429494511
0,0.037694808873489645
1,0.43370371139666763
0,0.03912527580347784
1,0.6721389617647401
0,0.6207106280783975
0,0.38564597155870267
1,0.5646592660386727
1,0.3602261671709624
0,0.029485392160363867
0,0.027216090554784567
1,0.5080339278589026
1,0.6009936349969262
0,0.15911689541888124
0,0.2644474410195248
1,0.5647159373579906
1,0.3437616525640938
0,0.37498036189391376
1,0.6541935039135172
1,0.7014988684343921
1,0.6357688178501985
1,0.5755295557202454
0,0.02708187741141243
1,0.4469751327507678
0,0.026993425680563995
1,0.5794122187858746
1,0.029635398576403783
0,0.33440455690868026
1,0.6257071399154254
1,0.657349299308588
1,0.5381936380731613
1,0.622584819659813
0,0.3693914661917034
1,0.5473606259496375
1,0.7095843717340923
1,0.5603037762026679
0,0.03149127598812657
0,0.02644016287100879
1,0.5907028495088443
0,0.3037608289753788
0,0.45081764312119527
0,0.027815968543114456
1,0.6578055458919915
0,0.7141426614263611
0,0.443480524636652
1,0.6750242530347507
0,0.03228572394205478
1,0.48084157761361573
1,0.5665498611868447
1,0.5237185540293282
1,0.5765200783642199
1,0.6023458533088596
1,0.6768688970119876
0,0.3708296723414664
0,0.11302035362134942
0,0.451249223577077
0,0.44549840998149143
0,0.4221477166871616
0,0.4020976308002475
0,0.28240097279652676
0,0.10815449114443056
1,0.6161055565982375
1,0.5501535031966819
0,0.19416841441228272
1,0.7145564867121778
1,0.5046529482116034
1,0.6032538322898271
0,0.07963292149223801
0,0.03332545508131849
0,0.04823588083264177
1,0.7570291201011919
0,0.24186736636082135
0,0.02875703635580231
0,0.02478536523212485
1,0.04772558422964916
0,0.3413678735867494
1,0.7546848910522801
1,0.3210172520833359
1,0.7565665082009946
1,0.5839641611394728
0,0.2800546704541362
0,0.5258904992984508
1,0.07153959061618252
0,0.030345130870170746
0,0.03304013401851003
0,0.24941623003828473
0,0.028229194664107542
1,0.4408762843594374
0,0.28117527946787757
1,0.47358637027806205
1,0.6049407157757908
1,0.6305159012638912
1,0.6120184467304599
1,0.4587616215008147
1,0.6752567779181711
1,0.5705516306679952
1,0.7137266908722065
1,0.6387351759389054
0,0.06994425671802557
0,0.5024458267500626
1,0.6086285719224356
0,0.3314158046271985
1,0.6096652610985787
0,0.032738325214908784
1,0.5034837648430522
0,0.026028042294812707
0,0.026419630160658264
1,0.6447454309275955
0,0.030429761175646785
1,0.3749803748052297
0,0.025445943346796823
1,0.6269852477605206
0,0.22034758748105385
1,0.5057984695848969
0,0.585495480342477
0,0.02629758957012524
1,0.613315771752896
0,0.025097402992141384
0,0.1845388231639115
1,0.5634431517833063
0,0.04298444694210775
1,0.7144658509434065
1,0.6308691532042809
1,0.5744336346445322
0,0.0342334462166623
0,0.026849680032365313
1,0.5628907090771166
0,0.542755196897024
0,0.027445641931410955
0,0.05668230679342499
1,0.4670781050432909
1,0.06541653987390858
0,0.5630395655577606
1,0.48235114538707585
1,0.4295838791968442
1,0.6538811452084192
1,0.44994912525625486
1,0.5610456030030488
1,0.379785085328086
0,0.02589862602979136
0,0.2506120767627195
1,0.5163737875074186
0,0.46986244165738683
1,0.39047758665663984
1,0.5221581936650631
1,0.33146858955367386
0,0.03950926038787744
0,0.027369485474563828
1,0.25904346452127536
1,0.4172987833976712
1,0.600838823017648
1,0.3736963789110623
0,0.5062931958227693
0,0.02753784148984143
0,0.2948151997171532
1,0.29667540846037743
1,0.7641916936423727
0,0.037104856421147234
0,0.36869633513233463
0,0.07587528384187703
0,0.7177799267754866
0,0.5338024478992859
1,0.5228020127372147
1,0.5207166423289861
1,0.34256247348428753
1,0.5902552714743777
1,0.6019989504698333
1,0.42294966246872845
0,0.07039756507015638
1,0.4819124118881186
1,0.7041944327062059
0,0.7057661880595458
1,0.47349896803137187
0,0.21598476312406634
1,0.05158032170594943
1,0.26628937731562163
0,0.5771977270106408
0,0.02764602837742246
1,0.5291950158447815
1,0.6275394842164111
1,0.6589274810713206
1,0.45165593160580114
0,0.4721162764977854
1,0.48831217406601274
0,0.363718697673146
0,0.4667098373804904
0,0.5072497584173613
0,0.11814725571923092
0,0.5347451739261065
0,0.23586732937978153
1,0.641861687703745
0,0.5148025294084563
0,0.08187362982015928
0,0.18031857044180338
1,0.3842817375367653
1,0.5515094433176406
1,0.6275920339852958
1,0.7532854460284064
0,0.5868412325612253
0,0.3591241720872022
1,0.7248822631723464
0,0.6000645394607599
1,0.6328977678353586
1,0.629180573973758
0,0.42811327896317597
0,0.6024443120588774
1,0.5437187118123543
0,0.624246503606073
1,0.5614873277119248
1,0.6770951479101716
0,0.3030550018517151
1,0.6390367483661749
0,0.2294271328954618
0,0.7156698866525135
0,0.28794731242526
0,0.02615599174588161
0,0.03915609779297559
0,0.3181651004057114
1,0.2438798905222305
1,0.6414141785845305
0,0.02656760933567784
0,0.30593370742510895
1,0.39900664951698994
0,0.3798608006253119
1,0.4165005575690317
0,0.025572676922650226
0,0.02822019352581787
0,0.026563948010866097
1,0.5838065311152836
0,0.37101041242492394
0,0.04397383718052237
1,0.5892135502010606
0,0.6230466189992391
0,0.249439595591994
1,0.5586267906804933
1,0.2847720945013231
0,0.027608986720850808
0,0.03022151264958678
1,0.5332994150294006
1,0.5843537796333249
0,0.6293634422769543
0,0.2612348105059792
0,0.2692954396596716
1,0.6015187434952987
1,0.5217285072007856
1,0.4621271336154532
0,0.028910967785741152
1,0.6327046921594978
1,0.5883216650469362
0,0.026787854719321658
0,0.33137270001516306
0,0.5958503902748726
0,0.02656760933567784
1,0.551698143638556
0,0.0636298419542104
0,0.5253272971424664
1,0.4881850048923708
1,0.5040692667861639
0,0.025356368586217475
1,0.4738358193010325
1,0.6661636911972612
0,0.3463826898716794
1,0.4506767708626448
0,0.5683036856799905
1,0.6472390188315682
1,0.03145938646055429
1,0.6381469644713205
1,0.641777029152708
0,0.5806056958293452
0,0.03046985297476001
0,0.0814953026981072
1,0.4456890062135258
1,0.5177337743027753
1,0.6281828421877267
0,0.04013223327467046
0,0.030163224219435673
0,0.03830901520910951
0,0.03355277443988566
0,0.4428895515116001
1,0.7237944896958128
1,0.5054186933235647
1,0.39822230592332597
1,0.6477863836571747
0,0.05143133791926284
1,0.505377401705493
1,0.7189559715893103
1,0.3964547542895627
1,0.7007509323601835
1,0.5626977315073621
0,0.058856741348436395
1,0.3852261629740483
0,0.07072907866158575
0,0.03193045079293093
1,0.4315345950482224
1,0.59588547234636
1,0.46160792464761974
0,0.06906507480720116
0,0.027283355446546087
0,0.029299619347974492
1,0.6307251402498041
1,0.34026777236663297
1,0.4024926750467109
1,0.6396414903641943
0,0.25451652970407623
0,0.18929851078471283
1,0.6488992122739238
1,0.5869733310328455
0,0.025367541602545982
0,0.2819802393772594
0,0.6568441988490641
1,0.2971993477767873
1,0.6353472557644311
1,0.5636182212282889
1,0.5666946675543959
0,0.46467795877569257
0,0.6461179032589108
0,0.0317765253350417
1,0.622990390760169
1,0.2649420076065148
0,0.03421137552942229
0,0.27990825431511934
0,0.11398369388610549
1,0.620431318521592
0,0.3300803716396452
0,0.03384345684209006
0,0.027579481327972773
0,0.02766906859994579
0,0.04258543005110091
0,0.08943173198795988
0,0.06151321314727459
0,0.04637634554242651
1,0.7603329483553001
1,0.5669248015491641
0,0.36856895951728313
0,0.5067264542575879
0,0.028144754797899726
1,0.7081402448766058
1,0.540266092055627
0,0.04311698219259493
1,0.5362544126983363
1,0.07653826159757941
0,0.46498463539002133
1,0.5344504867228583
1,0.5994386035587487
0,0.05187056880382907
1,0.6681850883434004
1,0.6450802364920883
0,0.029472639525059942
1,0.37700536080000135
0,0.2575286291199661
1,0.5791597799625476
1,0.21429055831388197
0,0.02478850603534858
0,0.04232677480975736
1,0.45989773586146443
1,0.5444593418861717
0,0.027439047760098284
0,0.029625116873219344
1,0.5813557204062324
0,0.03094393472615111
0,0.33284504292851463
1,0.38344226806254794
1,0.3223574931624078
1,0.37357540099154724
0,0.03978097278385272
0,0.026743140090247215
0,0.11963804575964511
0,0.06383461390077312
0,0.5846773926361473
0,0.5216576542291876
0,0.028475682934326993
0,0.4060647947611133
0,0.7062235225461636
0,0.028085406453431692
1,0.5684886880155029
0,0.029049679914192893
1,0.48450100790811856
0,0.4694680679774828
0,0.03280501290834109
0,0.025466389513927747
0,0.574608109219442
1,0.7181773372644018
1,0.4808431017003011
1,0.2667329426795486
0,0.4569316366901232
1,0.6008889611741753
1,0.5859385394447921
0,0.45277629178211737
1,0.7296910008609435
0,0.02620209855742653
0,0.02815952515096728
0,0.027252212326968672
0,0.45489715353343224
1,0.6865203459188788
0,0.06548325364356063
0,0.32567508060808364
1,0.7308794527053655
0,0.025949996891294173
1,0.7100843659806461
0,0.3053631051070841
0,0.385790365337441
1,0.6633430240207947
1,0.2933314044968961
1,0.33263015835114684
0,0.12134663625134598
0,0.3119148061943372
1,0.6723556645392161
0,0.07035869756179636
1,0.741659640754628
0,0.0920689190279822
1,0.483259219594115
1,0.6057802207616796
0,0.02501742168372174
0,0.03078437737552504
0,0.027448508724155184
0,0.028085406453431692
1,0.29890816922082275
1,0.6145489401267704
1,0.6052171642896925
1,0.5753562415155955
0,0.02755646670315475
1,0.3862150516941412
1,0.5664081335694611
0,0.04794424450246166
0,0.026937065144390093
1,0.4706583747646765
1,0.7124779070467222
0,0.05995895435216706
1,0.43099664200257637
1,0.6086411732086031
1,0.3762686490889391
0,0.606009667970868
1,0.7214594347007021
0,0.029701696843353866
1,0.500113028558559
1,0.6108762009737798
1,0.6338242335945996
1,0.6230198349522684
0,0.02839719029036799
1,0.5535484547303804
0,0.029555308601846367
0,0.027973881694019674
1,0.5815388464457242
0,0.05804737132631714
0,0.46841269945946246
1,0.6044414661174137
0,0.02552170810086946
1,0.4009850595696877
1,0.32444587994681984
0,0.03116024846491622
0,0.029629959151413917
0,0.642754197807748
1,0.5647619439471004
1,0.637763251188734
0,0.025002031906280732
1,0.5502716227857644
1,0.6581963393017499
0,0.028765861423328574
1,0.44736532614047925
0,0.02494523861597619
1,0.32599788799718615
1,0.5280503141755035
1,0.3968514319665116
1,0.7048614835837207
1,0.41243709599805894
1,0.44534971771571774
1,0.5470927706573081
1,0.46367803267637786
0,0.3240347238489207
1,0.595412695014034
0,0.2799905949598766
0,0.10767075916415196
1,0.4475381511978887
0,0.5614038421768691
1,0.7099440247565464
0,0.08607871274799589
0,0.7072719166939863
0,0.6692008029955214
1,0.42923103167700905
1,0.47580009818568797
0,0.04936532849164533
1,0.7525999094235946
1,0.6435301392684551
1,0.5936461184329788
0,0.33648243616754786
1,0.11629070604224505
1,0.6542711328995138
0,0.3049925098163993
1,0.6044336158722285
1,0.6321866244065044
0,0.38262267574100145
0,0.026482441224416568
0,0.056613506059845616
1,0.5075595034181661
0,0.03811020088677347
1,0.38691795396617057
1,0.6164862130278477
1,0.6942065443710349
0,0.44665279697399884
1,0.6524102037880288
1,0.4797677962637669
1,0.5819715322560916
0,0.32468637359674785
0,0.23985414858276052
1,0.3978750398981432
0,0.330101184145121
1,0.6014451301925615
0,0.5484849557459208
1,0.5640931385301197
1,0.586259804028219
0,0.2859417391692818
0,0.7504339798075315
1,0.7300246169362815
0,0.026698472650063972
1,0.5577252052310846
1,0.2586602804071322
1,0.5525148256510458
0,0.10258476168680668
0,0.02757035079004274
0,0.4735993298706374
1,0.7327048197279682
1,0.7218436704280525
0,0.5991459585394
1,0.6163158711527967
0,0.48127152495843806
0,0.3931832921532424
1,0.7270655756487107
1,0.5775103107770078
0,0.03158314617619193
1,0.6679023944687529
1,0.17463363969921014
0,0.39542896033017805
0,0.28749144296013796
1,0.6279576186715289
0,0.026761471168015673
1,0.684209160315036
0,0.5027936585731808
1,0.514348424958933
0,0.02787665007965686
1,0.08836210436127442
1,0.6090128406693973
0,0.542383960956348
0,0.0501591541479187
0,0.02593292074510733
1,0.6761673404231956
0,0.6132472512825055
0,0.027500607194683724
1,0.6739094241302976
0,0.027717048939481185
0,0.031214202232536264
0,0.33701318979810013
1,0.7200230969553015
0,0.04800499556649385
0,0.05994994723301022
1,0.5646408564377142
0,0.02722888584829596
1,0.6152296592927152
0,0.03342219968860147
0,0.02936522640088064
1,0.4159479213752114
1,0.6085055607680999
1,0.40082592136216993
1,0.31942205064888946
1,0.5106221790358285
1,0.5487412222276453
1,0.7023701262382998
1,0.6758207831296558
0,0.338335755126014
1,0.3283682086415469
0,0.4563721198404388
1,0.6233035573088482
0,0.07159467330704686
0,0.3374167053055855
0,0.026698472650063972
0,0.05543704226216188
0,0.6861690487080506
1,0.2565499476259786
0,0.5372778589595899
1,0.6498923907607348
1,0.6163059802547823
1,0.5364704589861815
1,0.6838233977874196
1,0.02680526795973047
1,0.5595946054788954
1,0.7569981213016469
1,0.749914514210352
0,0.025741044942821187
1,0.36959690119209954
1,0.07247888809898995
1,0.5757922525042869
1,0.6141608706202527
1,0.535298648401714
1,0.6437606289664022
1,0.5568743328980568
1,0.6309801260628999
0,0.4542115653480073
1,0.55750489060098
1,0.7087886924806286
1,0.6070290664528076
1,0.49475752659964545
0,0.6040836389757253
0,0.1001203210115741
1,0.3123580543474935
1,0.5983038182119887
0,0.03911904715836195
1,0.45551730087110476
1,0.5420029755314401
0,0.16461102584367243
0,0.05718843161326407
0,0.06653724208520084
1,0.570769476234406
1,0.6137850439739136
1,0.6855600746939271
1,0.4066942478600689
1,0.7146163150195963
1,0.3253906580204683
1,0.6308883962004809
1,0.7174961615450441
1,0.5266790029315294
1,0.6425787134149599
1,0.6514072143314378
1,0.5948624249242406
1,0.5097526906550754
1,0.5921870300321259
1,0.6110106796291614
0,0.027934925414290265
0,0.029398292683332564
1,0.7095397111135651
1,0.7002548014827135
0,0.026966869013369137
0,0.32038097060528314
0,0.035160898585800134
1,0.38726466193648634
1,0.688705206583477
1,0.6608323695088969
1,0.6401464268271937
0,0.037364749491503174
1,0.6415316936523684
0,0.02549745865105807
1,0.7499034567771811
1,0.27779768525074244
0,0.223882347044161
1,0.38897367733392463
1,0.5236016891435574
0,0.3485666924908678
1,0.6418613853051887
0,0.3581439537269538
1,0.49459541833833987
0,0.584321926384482
1,0.5198921844276433
0,0.2288662098399567
0,0.07181073911456895
1,0.4679572192334895
1,0.7062864730578776
1,0.18844187717858227
0,0.029676293798800994
1,0.6382874693745721
1,0.5536947196921438
0,0.02724766760027487
0,0.1412076076499269
0,0.031719473888305344
0,0.024439965680693145
0,0.2997694007818632
0,0.04989556087620785
1,0.5027202268154813
1,0.6167391037498415
1,0.6470561257282595
1,0.620366187815518
0,0.5790664108602108
1,0.5949521251276996
0,0.025744904228056
1,0.5724146975818211
0,0.02750020576166497
1,0.5034626989849023
0,0.02687264963406895
0,0.49613885720984446
0,0.025847908251335146
0,0.057432699101156115
1,0.6319474726084453
1,0.7351553225826633
0,0.19334679320249584
0,0.2739517719964628
1,0.7186654994812622
1,0.6024197127147598
0,0.42116780377350993
0,0.02849027263206606
0,0.04454967223481093
0,0.03438663802528539
1,0.6485786850975217
0,0.4667817833680121
1,0.49738276692818517
0,0.028511135522471677
1,0.5564964238479653
1,0.659365097496335
0,0.5590833797370478
0,0.02653783258215948
0,0.02898455824626865
1,0.3003906864292209
0,0.04813875992572309
0,0.04484674967803641
1,0.2813613772713698
1,0.645808142889773
1,0.5203431201402424
1,0.6424399922072304
0,0.05667274557045296
1,0.586906360048413
1,0.5301435832073522
0,0.47725802936025596
1,0.4796351556510322
0,0.04761040097709255
1,0.5308644133805062
0,0.240863289936389
1,0.6026589231628421
1,0.6166119400406963
0,0.29732711662181455
0,0.02976443606646138
0,0.6087139357529037
0,0.05029289816411902
0,0.024634778085753383
0,0.33118136823849403
1,0.43533011258551935
0,0.02754859184444686
0,0.5455989525937397
1,0.4627102298733001
0,0.06133014157502132
1,0.6774808118302602
0,0.300095160545538
1,0.07931745262398678
1,0.4391674015054395
1,0.38254164179392336
1,0.6468186870175124
1,0.4605047430507014
0,0.6033350564412306
1,0.48921023024976373
0,0.567879856820086
1,0.4522903779330687
0,0.02897891128892293
0,0.33066678515081893
0,0.028786593522600237
0,0.05430000229763449
1,0.04873438022719029
0,0.03637583064748393
0,0.02757056037829471
0,0.025218340242713487
1,0.5675116313119571
1,0.5641719458139762
1,0.2718531912208114
1,0.7125634152601021
0,0.02970693957515794
1,0.5138467397017785
1,0.6441837793757602
1,0.47542617487521954
1,0.515525346964896
1,0.5739159825475605
1,0.031304705991461644
1,0.625021051380712
0,0.026840619187571052
0,0.5099729976954301
0,0.5635145395173494
0,0.5979481682809318
1,0.3609239457405739
1,0.6227744172326892
1,0.625197905413742
1,0.5459451338752567
0,0.025659819118370036
1,0.28201271173792775
0,0.033303162141404254
0,0.2617934219279521
1,0.6732753569949107
0,0.2973763799451488
0,0.05699409152823773
0,0.02645049830096229
0,0.3550151343342551
0,0.16077661671522198
0,0.5193006171628126
1,0.28253143831615457
0,0.12107770502502958
0,0.46169882825623565
0,0.6393125119850082
0,0.07051217977853536
1,0.6057326242470806
1,0.6425491383258184
1,0.7129561711958201
1,0.6213270477301311
0,0.02925650578244143
1,0.681489047369162
1,0.45669596236667653
1,0.5450869306132105
0,0.026814000558823225
1,0.5255651610709626
0,0.026578170169602643
0,0.44704385666547636
0,0.02950085360400117
1,0.2852170723815768
0,0.03456268282136895
0,0.024793602288143344
1,0.12466871462877252
1,0.655235751783672
0,0.028505597625897758
1,0.7383817630408605
0,0.4713113943552394
1,0.36735537822809766
0,0.027718743558148247
0,0.5165269109578954
0,0.23793465905683203
0,0.32413258892994135
1,0.6179396548688734
0,0.5967036240525981
1,0.468053626674613
0,0.45056290709737074
0,0.14453242948907966
1,0.31850111160156147
0,0.02974245476089762
0,0.026578170169602643
1,0.49635166766660205
1,0.49105636162048816
0,0.6559553081502567
0,0.33986566090943215
1,0.6055021075509973
1,0.31319865676726194
0,0.5707221351472681
1,0.6602994451558722
0,0.07461764772523025
1,0.6970040189492227
1,0.6611352444123213
0,0.4036599180286913
1,0.4085315664621405
0,0.5617215270384965
1,0.6077512741424111
0,0.40807172501531735
0,0.028591458842802477
1,0.5331244447759339
1,0.6612314905672612
1,0.5845605927759316
1,0.36006424097633777
1,0.566340953093098
1,0.6242899389925712
0,0.17343275968297311
1,0.6728956736613395
1,0.7154930941314085
