{"init_params": {"cat_dims": [], "cat_emb_dim": [], "cat_idxs": [], "clip_value": 1, "device_name": "auto", "epsilon": 1e-15, "gamma": 1.0205844942958024, "grouped_features": [], "input_dim": 22, "lambda_sparse": 8.706020878304853e-05, "mask_type": "sparsemax", "momentum": 0.02, "n_a": 48, "n_d": 64, "n_indep_decoder": 1, "n_independent": 2, "n_shared": 2, "n_shared_decoder": 1, "n_steps": 8, "optimizer_params": {"lr": 0.003399481210795565}, "output_dim": 2, "scheduler_params": {"step_size": 10, "gamma": 0.9}, "seed": 42, "verbose": 10}, "class_attrs": {"preds_mapper": {"0": 0, "1": 1}}}